exp,out,measure,est_mec,p_mec,est_saf,p_saf
age,dm,OR,2.42123519272357,9.92219561858113e-62,2.45394784384229,2.5955546918322597e-62
men,dm,OR,1.24348759617055,2.35870961401293e-05,1.23665831524547,3.1207186215269e-05
bmi,dm,OR,2.01356276539723,9.69639017091858e-54,2.01929177022788,6.64036130278652e-54
smoking,dm,OR,1.08480583183121,0.127882812793089,1.08473913264489,0.135624643047462
alcohol,dm,OR,0.689068560953341,2.27412906506532e-06,0.685664705238054,9.68866060634541e-07
wc,dm,OR,2.26426856427273,5.899771221558789e-57,2.26302187127656,3.0567160643294597e-56
height,dm,OR,0.903001626180021,0.0104075782781818,0.909587130744199,0.0243413910372105
weight,dm,OR,1.94698506679986,1.5239012050306899e-49,1.95188865323095,9.77941242330096e-50
whtr,dm,OR,2.36303669181121,2.53600456400771e-59,2.36058089503322,2.7252674432827903e-58
fat_kg,dm,OR,2.08532480487605,9.72048956627642e-23,2.10039547872822,2.69161804158277e-22
lean_kg,dm,OR,2.70606632827104,5.46879694706663e-28,2.72420902069633,2.1988559737880998e-27
asmm_kg,dm,OR,2.26387375426948,4.08830855299063e-20,2.27838499881561,1.11366507036599e-19
asmi,dm,OR,2.28656244103354,8.08559245216564e-27,2.28555044210403,2.68519803429798e-26
bodyfat_pct,dm,OR,2.3787991220959,1.16288217149171e-15,2.39898497695323,4.1928565223254e-15
asm_pct,dm,OR,0.35779392102247,7.93110178094898e-16,0.355712213628083,3.720313967725611e-15
obesity,dm,OR,3.67287441821465,6.59389815600459e-46,3.66454948328029,1.0289205473732501e-45
overweight,dm,OR,3.57806723734911,1.7149394817734402e-35,3.5290357236836,1.6246573747868701e-35
abdominal_obesity,dm,OR,3.79844067077264,1.70102615561497e-38,3.7629223903285,4.36647966090414e-38
central_obesity,dm,OR,5.06411290118441,2.92314541675569e-17,4.89563197420603,8.25931036982876e-17
high_bodyfat,dm,OR,4.08279072416016,1.96341906321353e-14,4.01910357548307,1.7143263857727e-14
sarcopenia,dm,OR,0.571587666466669,0.153330257766304,0.568358307568459,0.151081268488559
sbp,dm,OR,1.20828990863238,1.7762474051933e-07,1.19877775277725,5.1864429795872e-07
dbp,dm,OR,1.06245432640908,0.0216879289761376,1.06303279238109,0.0220239841493788
tg,dm,OR,1.42281559424224,1.4577420752755602e-20,1.41599434855597,3.07307224150137e-21
tchol,dm,OR,0.736827150558851,1.16365432492796e-13,0.738683292997644,5.976949894465981e-14
hdl,dm,OR,0.569613728961952,7.36442936436703e-20,0.572698287959408,6.59527006054758e-21
ldl,dm,OR,0.660256075086764,1.77493683874323e-20,0.664515369457408,3.43594442308274e-20
nonhdl,dm,OR,0.857489718792699,2.26988212772129e-05,0.858426886657441,1.54615624056795e-05
alt,dm,OR,1.20899513799657,2.37110395386274e-10,1.20300308096905,7.92928051302153e-10
ast,dm,OR,1.06226274467444,0.0127699062716668,1.06166143316849,0.0117611671580781
creatinine,dm,OR,1.01213516105365,0.800424570896055,1.01417863958194,0.761057396763572
egfr,dm,OR,1.1278276720897,0.0297987869393301,1.12793822230286,0.027410632192516
hemoglobin,dm,OR,0.826574634524558,2.34634790373794e-07,0.838522810872896,1.43242395989985e-06
platelet,dm,OR,1.01519861454205,0.642879779895817,1.01493611294395,0.647670703884562
wbc,dm,OR,1.38380727652984,8.587689606904469e-12,1.3839421721622,5.05477943039976e-12
fib4,dm,OR,0.973057285561911,0.41996715768567,0.973331403410164,0.423099155050136
vitd,dm,OR,0.840461978830332,7.24109257545174e-06,0.842777504096544,9.68832915613364e-06
fn_bmd,dm,OR,1.11419931244447,0.0361889348772188,1.10598171684505,0.0519413222576819
ls_bmd,dm,OR,1.04208619709672,0.420707782201958,1.03653611244246,0.487609265579126
ggt,dm,OR,1.25633527083367,2.04157144202894e-16,1.24836129341866,4.3350007546988897e-16
uric,dm,OR,0.924895083412901,0.0486150367364776,0.921639049856213,0.0379338705657163
cap,dm,OR,2.03223607534516,0.0015222887184014,2.00696633567989,0.0014371498090397
lsm,dm,OR,1.05770296664623,0.677989074967523,1.03399143632471,0.796314800646218
htn,dm,OR,2.17822953035158,4.46620994780428e-19,2.17205064700177,4.427767936982981e-19
dyslipidemia,dm,OR,2.43160343746267,6.53273245699562e-24,2.39709917469538,2.05175064040282e-23
low_hdl,dm,OR,2.18423281208954,1.9370022015043901e-19,2.16474772805418,7.952713779852271e-19
high_tg,dm,OR,2.10486006602854,2.4370737551093402e-20,2.09099873746833,1.65568544527358e-20
high_ldl,dm,OR,0.82336579698026,0.0659690114832949,0.828512841555667,0.0706740741132259
high_nonhdl,dm,OR,1.16021515766996,0.132377850700622,1.15465097872037,0.127504555586342
atherogenic_dyslipidemia,dm,OR,2.43389770918916,2.26703342656585e-19,2.4053520095821,2.9297410048523103e-19
ckd,dm,OR,2.56092139110334,6.90045539970436e-24,2.58423029638238,8.44340477898168e-25
high_alt,dm,OR,1.87652135811073,7.870464713453361e-09,1.84795079028019,2.09779910009663e-08
high_ast,dm,OR,2.17098850824082,7.2277863410410004e-12,2.18486641194701,8.82531117304979e-12
adv_fibrosis,dm,OR,1.03720542413597,0.792413941621439,1.021493648896,0.871954095403588
anemia,dm,OR,1.6267345043428,1.354307162801e-06,1.58256470459843,3.51725874672144e-06
leukocytosis,dm,OR,2.07216951084578,2.089614975354e-07,2.1103233388233,6.55150650392834e-08
vitd_deficiency,dm,OR,1.51023255570769,1.24010156676236e-07,1.48223678225268,2.09031029998571e-07
osteoporosis,dm,OR,0.828999111452863,0.324725743809029,0.858113529080869,0.428856764049969
current_smoking,dm,OR,1.18083037564439,0.0348688210428507,1.18304770261245,0.0326731944441263
age,mets,OR,1.93639593102623,9.614676942940371e-52,1.95497049426337,4.90599628856741e-52
men,mets,OR,1.07861010074249,0.104180261324948,1.07733489216932,0.10980974737237
bmi,mets,OR,3.69315119202586,4.02385499233819e-61,3.67130902385844,2.5250074383876802e-61
height,mets,OR,1.11947324124523,0.0009111305139724,1.11804260202865,0.0010067265331306
weight,mets,OR,3.63745069837702,8.690882226566049e-62,3.60687907891896,4.17188675374652e-62
hba1c,mets,OR,2.80540010263819,3.42212523735934e-28,2.76548399987464,1.53458660254252e-25
tchol,mets,OR,1.07302379763365,0.0067417329538564,1.0780714887539,0.0042979825068692
ldl,mets,OR,1.03596762947389,0.150451778326713,1.04285062655647,0.0954794526715184
alt,mets,OR,1.66545715351717,8.99274909589736e-21,1.67487033056344,1.4558682509734e-21
ast,mets,OR,1.1491463951599,0.000196630281086,1.14989826141908,0.0002765176251528
creatinine,mets,OR,0.982605401870427,0.503575215735815,0.977663846009697,0.376188367269016
egfr,mets,OR,1.0076976228252,0.824393570929058,1.01465294736675,0.671746678779489
hemoglobin,mets,OR,1.20304273419804,1.3702816561502902e-09,1.20599405909992,4.00402020545024e-10
platelet,mets,OR,1.20315469797896,5.3798562987227e-11,1.20822226710769,1.96549718928388e-11
wbc,mets,OR,1.87654051785286,6.81096586805579e-34,1.87404031045816,1.04592742438208e-34
fib4,mets,OR,0.754137715433783,6.37399492579127e-08,0.749656787779147,2.69657427373706e-08
vitd,mets,OR,0.741313237681915,2.9684558687747703e-19,0.744881722980787,4.72233795002409e-19
fat_kg,mets,OR,3.4414604157932,1.74774069105119e-32,3.42172595292158,4.04559869531835e-33
lean_kg,mets,OR,4.43438205872877,3.42397814816118e-32,4.36665839684458,1.32758395021405e-32
asmm_kg,mets,OR,3.64202777444404,2.38296147751729e-29,3.56213710156537,2.37544789781807e-29
asmi,mets,OR,3.47098869832082,2.26417813146717e-27,3.39210289648822,1.07707171508292e-27
bodyfat_pct,mets,OR,4.2845864518599,1.6195546961667498e-30,4.33313448268077,5.336569729259571e-31
asm_pct,mets,OR,0.220509149630443,5.80905570424353e-29,0.218252200590717,1.40953346986213e-29
fn_bmd,mets,OR,1.61430112960176,1.11165382975511e-21,1.60484927082955,4.6344285939608204e-21
ls_bmd,mets,OR,1.42739637854326,4.22589536203488e-14,1.43007366435861,3.33698261093115e-14
insulin,mets,OR,4.12548466721626,1.58084069916853e-64,4.10575538644066,2.00474138376254e-64
ggt,mets,OR,1.66240895682496,4.72851657220768e-17,1.64562285889019,1.18774354271369e-16
uric,mets,OR,2.0666813171073,1.02189702231474e-43,2.06184732374456,2.12158543900332e-43
cap,mets,OR,3.09305392452808,1.01899660449895e-07,3.08497772930764,5.60474611305251e-08
lsm,mets,OR,2.27208191459033,0.0037136175797783,2.35702133504475,0.0029665170007779
obesity,mets,OR,7.97523548959665,2.85124757151335e-62,8.01707257111685,1.28535624743746e-62
overweight,mets,OR,12.4121035006429,9.67464000932183e-66,12.3701035546748,3.03350915660503e-65
high_bodyfat,mets,OR,9.14984216325035,3.41630516823208e-29,9.40250019142291,2.3097893089050898e-30
sarcopenia,mets,OR,0.253465399525632,1.33563045113735e-05,0.257040993057699,1.2069478324296e-05
high_ldl,mets,OR,1.29871758623042,0.0002547438041789,1.31763551007792,0.0001677920487383
ckd,mets,OR,1.79089015866081,5.98229553803364e-16,1.79636835777097,7.71427026988299e-17
high_alt,mets,OR,2.9503489925885,3.2759084884019e-27,2.96056076067524,5.84040939917215e-28
high_ast,mets,OR,2.18301540695959,6.80473999840983e-13,2.21959552026586,1.06227528137584e-13
adv_fibrosis,mets,OR,0.736970016802172,0.0172443346686309,0.722776653302338,0.0088748285501812
anemia,mets,OR,1.1028525279907,0.20032712078723,1.07740394586914,0.316218089435249
leukocytosis,mets,OR,2.55065756999231,9.755660747199549e-12,2.53244443723044,5.961239945916619e-12
vitd_deficiency,mets,OR,1.5781262377206,1.24459326853254e-15,1.54068229032633,1.9237366084892802e-14
osteoporosis,mets,OR,0.487347638848871,3.45228824479878e-07,0.483057176276048,4.19613061443937e-07
smoking,mets,OR,1.28394006713136,6.5870496204539305e-09,1.28108737029962,7.31761449760435e-09
alcohol,mets,OR,0.829081812595659,0.0003714319122452,0.835706718481804,0.0006231822632698
current_smoking,mets,OR,1.26495686854395,9.74392629150841e-05,1.24910730086446,0.0002008594384019
age,insulin_resistance,OR,1.20123721622665,1.30516422996791e-13,1.20662869918407,3.80812101879701e-14
men,insulin_resistance,OR,1.2846706975232,5.72227342211172e-07,1.29169902686169,3.08449712614504e-07
bmi,insulin_resistance,OR,4.57107616803257,1.9556472591620099e-69,4.5182963452741,8.510639538961809e-70
smoking,insulin_resistance,OR,0.997904698714671,0.953961818029214,0.992644956550773,0.836386803430208
alcohol,insulin_resistance,OR,0.739786006894347,1.25821152763334e-08,0.744880914135272,1.62052840247226e-08
wc,insulin_resistance,OR,4.64734111264099,2.4739889344768397e-69,4.58030339561019,1.10032548226567e-69
height,insulin_resistance,OR,0.968769560631028,0.28508591012975,0.971056290633827,0.323772233298813
weight,insulin_resistance,OR,4.00160448458149,1.6699842493103101e-65,3.95716267443212,3.96739953109096e-66
whtr,insulin_resistance,OR,4.877295840585,5.35250217042255e-71,4.81080776932525,6.85943190808995e-71
fat_kg,insulin_resistance,OR,4.41918858957551,1.0399486371380099e-33,4.33942315844763,6.253851951326329e-34
lean_kg,insulin_resistance,OR,3.9013801699306,4.32191762225919e-34,3.88647930821713,4.96983494022799e-35
asmm_kg,insulin_resistance,OR,3.30600022893865,4.2037221622985e-32,3.28483587515474,1.30819634008472e-32
asmi,insulin_resistance,OR,3.55319974788599,6.87356952300426e-36,3.51603611138115,1.3656094768715e-36
bodyfat_pct,insulin_resistance,OR,5.35791169981528,4.68820504409217e-33,5.28865416431257,2.4184512243900798e-33
asm_pct,insulin_resistance,OR,0.204689962275918,7.347172812683749e-34,0.208408657083552,2.8418789527255e-34
obesity,insulin_resistance,OR,8.05841724867064,2.06927653510698e-74,8.02416900935867,2.30068450034195e-75
overweight,insulin_resistance,OR,8.50901109398339,1.07570854417709e-62,8.4532526614881,1.0326105766476099e-62
abdominal_obesity,insulin_resistance,OR,8.45408925227204,9.17739341650587e-70,8.39488702419513,1.40442502850531e-70
central_obesity,insulin_resistance,OR,11.1201458408297,5.24334809034288e-52,10.7968289286459,2.97814050372589e-52
high_bodyfat,insulin_resistance,OR,8.32654589408303,1.61114734788105e-26,8.28980806735259,2.71858261639418e-27
sarcopenia,insulin_resistance,OR,0.207215994359256,3.25804886440084e-08,0.211810563831857,2.93342314131962e-08
sbp,insulin_resistance,OR,1.16705920025847,1.14480035958064e-07,1.16340524300813,4.06826026395009e-07
dbp,insulin_resistance,OR,1.11958574922831,3.47712053104025e-05,1.12568441099024,1.24475858440481e-05
tg,insulin_resistance,OR,2.14292566574218,3.65702227759553e-27,2.13510968125831,4.67452144660657e-28
tchol,insulin_resistance,OR,0.99873103355193,0.955011421269757,1.00383603320915,0.863810522416208
hdl,insulin_resistance,OR,0.506421208258635,5.0428587917244595e-34,0.508619034986923,1.28820937462666e-35
ldl,insulin_resistance,OR,0.970324479964744,0.201141736450091,0.9761077188976,0.298648381740277
nonhdl,insulin_resistance,OR,1.19114895026978,7.95369918087132e-12,1.19667753193654,1.23394142618241e-12
alt,insulin_resistance,OR,1.44765161543445,1.8155726728194998e-12,1.45298472189327,5.43073071448325e-13
ast,insulin_resistance,OR,1.09612092403205,0.030399257669215,1.10210115610409,0.0208310589203581
creatinine,insulin_resistance,OR,0.860856345433602,1.04101562079835e-05,0.861790123295387,1.39002854691336e-05
egfr,insulin_resistance,OR,1.17079396505271,1.15136386863115e-05,1.16960028980811,9.24107898870167e-06
hemoglobin,insulin_resistance,OR,1.19651281035036,1.1749460502727702e-09,1.19454319119573,1.54058213604972e-09
platelet,insulin_resistance,OR,1.08604410887838,0.0023696121630033,1.08633370363781,0.002546891776528
wbc,insulin_resistance,OR,1.42858850541133,1.5785995010499202e-14,1.43049243026619,3.0532538635853103e-15
fib4,insulin_resistance,OR,0.919616559944783,0.0763066920580746,0.920089179608354,0.0803451731605168
vitd,insulin_resistance,OR,0.810411346320744,1.86382406268495e-11,0.813843629592991,1.99818042761919e-11
fn_bmd,insulin_resistance,OR,0.908371658646587,0.035093356778652,0.897680754941533,0.02111492990607
ls_bmd,insulin_resistance,OR,0.947327978378634,0.127748388614596,0.949042531090303,0.148034428034636
ggt,insulin_resistance,OR,1.37801410121225,8.00364734943298e-10,1.35464226117128,1.44884364424023e-07
uric,insulin_resistance,OR,1.24222592713932,2.33354812107168e-11,1.23663243896241,6.307481223665219e-11
cap,insulin_resistance,OR,1.81268091839067,0.0001149794960259,1.8008175855772,9.56976917753108e-05
lsm,insulin_resistance,OR,1.15458101506373,0.469434232556358,1.0981979763088,0.619686184829355
htn,insulin_resistance,OR,1.69791412534357,2.52057969826739e-12,1.69179520652622,3.2105233075539598e-12
dyslipidemia,insulin_resistance,OR,2.41295171591196,1.6562736353030199e-34,2.38050682126703,2.9064979116936e-34
low_hdl,insulin_resistance,OR,2.66919441599193,1.1351574302671999e-35,2.61867394956853,5.29494413146384e-35
high_tg,insulin_resistance,OR,2.92239751243342,1.12863698509261e-37,2.9025539071791,1.80576055453383e-37
high_ldl,insulin_resistance,OR,1.13749586854315,0.104904861225744,1.14958785554012,0.0800232099995395
high_nonhdl,insulin_resistance,OR,1.70467433765844,1.78487389835897e-09,1.71941305338226,1.23856794372096e-09
atherogenic_dyslipidemia,insulin_resistance,OR,3.5307661997138,8.14134523478086e-32,3.47366336431385,1.59036673482798e-31
ckd,insulin_resistance,OR,1.47923724481549,1.19026776683286e-06,1.4790168018828,9.49946698828642e-07
high_alt,insulin_resistance,OR,2.50831676473437,1.5688446412835e-19,2.52121412284036,1.5099825311625902e-20
high_ast,insulin_resistance,OR,1.6536181822114,1.12524498600287e-05,1.66838041722637,4.47473772361491e-06
adv_fibrosis,insulin_resistance,OR,0.902198726968485,0.426708103763842,0.900086585598696,0.404234613756198
anemia,insulin_resistance,OR,0.79877802413621,0.009498413561505,0.798444920317047,0.0091747594869915
leukocytosis,insulin_resistance,OR,1.62339591326915,0.0009012625831797,1.62359421178231,0.0010633476825764
vitd_deficiency,insulin_resistance,OR,1.48575117450438,1.46268944001266e-09,1.47061582093943,1.4653682818241302e-09
osteoporosis,insulin_resistance,OR,0.952026602072714,0.746834975654197,0.962856527024635,0.804780355751827
current_smoking,insulin_resistance,OR,0.966883426605101,0.604649723540959,0.960493545004975,0.533535539209871
age,high_tg,OR,1.20617980893142,5.0522720158106705e-15,1.21385114376796,3.3416861080636003e-16
men,high_tg,OR,1.49778654218948,2.23821352427605e-15,1.50513190350979,8.36306163801824e-16
bmi,high_tg,OR,1.50781836615123,5.13686833311253e-32,1.50313190061377,8.00500957655363e-32
smoking,high_tg,OR,1.36157154920958,4.1469943166213e-10,1.36532876516761,2.42192761742927e-10
alcohol,high_tg,OR,0.862718677954883,0.0087416752970421,0.86714493199994,0.0103533002541945
wc,high_tg,OR,1.6632028887253,1.56749107444752e-33,1.65434847284737,8.92249303898923e-34
height,high_tg,OR,0.948785090800893,0.0858586144169308,0.948901438493399,0.0792067150638221
weight,high_tg,OR,1.47997712052071,8.87301167516711e-27,1.4740659375429,1.44076842758888e-26
whtr,high_tg,OR,1.70841842468817,1.6864341582862e-36,1.70036523197948,1.01485409984384e-36
fat_kg,high_tg,OR,1.61361506697444,6.84052676469754e-19,1.6123019653422,7.22477210353994e-19
lean_kg,high_tg,OR,1.62631881360053,5.5149742487568703e-14,1.61013325784856,2.34312499448295e-13
asmm_kg,high_tg,OR,1.42468882081718,7.757970525078241e-09,1.41089878834166,1.86100225075413e-08
asmi,high_tg,OR,1.4601134998397,6.117807754758789e-11,1.4486815057899,1.0014498910493401e-10
bodyfat_pct,high_tg,OR,2.08933092793377,3.9227926796891204e-21,2.10364268793667,3.72915948560795e-21
asm_pct,high_tg,OR,0.406780783281313,5.15631650948034e-21,0.403964523266817,2.98057199098177e-21
obesity,high_tg,OR,2.2448592883798,3.0942002732080303e-31,2.2281954042344,1.9612321427755502e-31
overweight,high_tg,OR,3.52051991918003,6.2616263359608596e-43,3.45244721189294,3.8522576565580494e-42
abdominal_obesity,high_tg,OR,2.83662567720659,8.36420124016903e-37,2.8095707813378,6.93705246610946e-37
central_obesity,high_tg,OR,5.35001733807026,6.19420259713069e-29,5.16567959226659,1.05147797032372e-28
high_bodyfat,high_tg,OR,3.87963575222491,3.49206928109549e-22,3.87257726361161,9.98840107741477e-23
sarcopenia,high_tg,OR,0.565820532040256,0.0193953298294807,0.561140152485948,0.0162804203056859
sbp,high_tg,OR,1.18463631560294,6.34177948455969e-09,1.17581699569605,1.12512013742754e-08
dbp,high_tg,OR,1.24691682084811,2.12034808163786e-14,1.25299159625374,1.10812590573118e-15
glucose,high_tg,OR,1.41023535325791,4.1051825837356703e-17,1.40209840776378,1.7742889376839e-16
hba1c,high_tg,OR,1.35819123145142,2.94342016610804e-18,1.34708149118247,9.24507380139456e-18
homa_ir,high_tg,OR,2.13258864192829,7.462284950725459e-43,2.10978405966649,2.8619749078156198e-43
tchol,high_tg,OR,1.99673755401194,1.23754427074083e-53,2.01455071032671,6.47960208220954e-54
hdl,high_tg,OR,0.251288677783332,2.6858996761093603e-54,0.255616252433135,1.79841762820707e-54
ldl,high_tg,OR,1.35921167686232,3.17307770303804e-24,1.36598849745814,2.01068833008095e-24
nonhdl,high_tg,OR,2.85676232684316,8.00518897143679e-65,2.87750953617237,6.14714306459825e-65
alt,high_tg,OR,1.31436447980017,2.5842445171895102e-15,1.31626705319973,1.5688795730561902e-15
ast,high_tg,OR,1.10156327919727,0.0055552402482642,1.09987847937274,0.0068817446975771
creatinine,high_tg,OR,0.966881903119007,0.309166403715324,0.960961571021198,0.259091109688976
egfr,high_tg,OR,1.08228478577998,0.0335789917564617,1.09157942436676,0.0184552015350542
hemoglobin,high_tg,OR,1.41753612581461,3.7780053251046906e-15,1.42944364929198,1.2035263736445902e-15
platelet,high_tg,OR,1.14135689795353,5.74973126327475e-08,1.15073296889262,6.20562456158529e-09
wbc,high_tg,OR,1.41815290504665,1.2547738160163501e-20,1.41911217525899,3.38280698157275e-21
fib4,high_tg,OR,0.78114868621003,0.0009572502882034,0.766838355785197,0.0002550340306958
vitd,high_tg,OR,0.968215306669957,0.245768780975736,0.972300146051482,0.302398994226236
fn_bmd,high_tg,OR,0.912066426088878,0.0441756631094211,0.905705455479277,0.038250916795594
ls_bmd,high_tg,OR,0.9461356071245,0.173748912075954,0.943211595688694,0.152022591419315
insulin,high_tg,OR,2.00016991199747,5.04309923871902e-43,1.97898016832886,8.255136793980099e-43
ggt,high_tg,OR,1.44368778047018,1.1801375406137601e-15,1.43651325611993,1.04208104909365e-15
uric,high_tg,OR,1.43558018840693,6.870473541132431e-23,1.43031017402986,5.12439374777355e-23
cap,high_tg,OR,2.03406513616107,2.56734781150974e-05,2.05649147156326,4.22169168401911e-05
lsm,high_tg,OR,0.99392528475242,0.935794051601664,1.01529818595943,0.823381988517608
dm,high_tg,OR,1.87387877941761,1.86030778924232e-15,1.85503173806067,1.6162734770349301e-15
prediabetes,high_tg,OR,1.06265408551838,0.225561200686284,1.06329436756222,0.208491808554615
htn,high_tg,OR,1.36147095477088,1.16104749939769e-07,1.34198523091266,4.47377457614111e-07
low_hdl,high_tg,OR,4.90196688239721,3.62949411364512e-58,4.83896004597628,1.5986900128425398e-57
high_ldl,high_tg,OR,2.29526015998824,9.70372705900519e-23,2.31035844582188,1.4981413228384499e-22
high_nonhdl,high_tg,OR,6.82214835538224,1.15386177333252e-55,6.84369776032091,1.02773830577638e-55
insulin_resistance,high_tg,OR,3.27168084955729,1.66496601870536e-40,3.23620820934785,4.19716944940084e-40
ckd,high_tg,OR,1.20252241543255,0.0058497267091641,1.18817360730355,0.0090754640851501
high_alt,high_tg,OR,1.96380921194573,1.2347260928162201e-17,1.9517252025648,1.2743314264847401e-17
high_ast,high_tg,OR,1.44560267569042,0.0001478734965266,1.43813402724328,0.0001209644075482
adv_fibrosis,high_tg,OR,0.551584623922835,0.0002034971026275,0.527465004996401,4.11839824759422e-05
anemia,high_tg,OR,0.600061366960079,9.01396346277584e-06,0.589748120975854,3.89010457584774e-06
leukocytosis,high_tg,OR,1.84015938639687,2.12747673316738e-06,1.84676164190915,1.21340321746747e-06
vitd_deficiency,high_tg,OR,0.944402314030744,0.338832224362212,0.940746106566935,0.29716865108531
osteoporosis,high_tg,OR,1.08111604711486,0.602054650214968,1.0769063833332,0.623783607163944
current_smoking,high_tg,OR,1.54271298024422,1.57795626780491e-10,1.53478250051673,6.89478274106713e-11
