survey,outcome,measure,pairs,sig,pct_sig,med_eff,med_n,min_n,max_n
KNHANES,Ever alcohol (past/current),OR,65,35,53.84615384615385,0.10336231717094436,36644.0,36644,36644
KNHANES,Current smoking,OR,64,39,60.9375,0.13754031763016683,36605.0,36605,36605
KNHANES,"Femoral neck BMD, g/cm2",beta,64,39,60.9375,0.01166956460856695,6645.0,6645,6645
KNHANES,"Hemoglobin, g/dL",beta,64,55,85.9375,0.19392289070846602,35736.0,35736,35736
KNHANES,Leukocytosis (WBC>11),OR,64,39,60.9375,0.34731222846695015,35736.0,35736,35736
KNHANES,"Lumbar spine BMD, g/cm2",beta,64,39,60.9375,0.01137380116852125,6469.0,6469,6469
KNHANES,Ever smoking (past/current),OR,64,35,54.6875,0.09409809955476195,36605.0,36605,36605
KNHANES,"Serum 25(OH)D, ng/mL",beta,64,34,53.125,0.3400801024093335,12088.0,12088,12088
KNHANES,Vitamin D deficiency (<20 ng/mL),OR,64,30,46.875,0.09809451206166127,12088.0,12088,12088
KNHANES,"White blood cell count, 10^3/uL",beta,64,57,89.0625,0.2826446470571825,35736.0,35736,35736
KNHANES,"Serum creatinine, mg/dL",beta,63,39,61.904761904761905,0.0078553298570174,32444.0,32444,32444
KNHANES,"Osteoporosis (T-score<=-2.5, age>=50)",OR,63,23,36.507936507936506,0.18542813911912956,3383.0,3383,3383
KNHANES,"Age, years",beta,61,56,91.80327868852459,2.9915864586688,37636.0,37636,37636
KNHANES,"Diastolic blood pressure, mmHg",beta,61,50,81.9672131147541,1.53392480926666,37324.0,37324,37324
KNHANES,"Systolic blood pressure, mmHg",beta,61,50,81.9672131147541,1.27280232390203,37324.0,37324,37324
KNHANES,Anemia (WHO),OR,60,51,85.0,0.3433337447917605,35736.0,35736,35736
KNHANES,Hypertension,OR,60,48,80.0,0.20034694837793576,37371.0,37371,37371
KNHANES,Hypertriglyceridemia (NCEP TG>=150),OR,59,54,91.52542372881356,0.5094846186065636,34799.0,34799,34799
KNHANES,"Fasting insulin, uIU/mL",beta,59,47,79.66101694915254,1.2343784215651,16054.0,16054,16054
KNHANES,"Triglycerides, mg/dL",beta,59,53,89.83050847457628,23.3422434150255,34799.0,34799,34799
KNHANES,High LDL cholesterol (>=160),OR,58,27,46.55172413793103,0.1595415065951199,12077.0,12077,12077
KNHANES,"LDL cholesterol, mg/dL",beta,58,39,67.24137931034483,3.64244212523798,12077.0,12077,12077
KNHANES,"Platelet count, 10^3/uL",beta,58,43,74.13793103448276,6.2433308580901,34403.0,34403,34403
KNHANES,"Total cholesterol, mg/dL",beta,58,46,79.3103448275862,4.594977493175415,35798.0,35798,35798
KNHANES,Chronic kidney disease (KDIGO: eGFR<60 or ACR>=30),OR,57,33,57.89473684210526,0.18970390188092168,20173.0,20173,20173
KNHANES,"eGFR (CKD-EPI 2021), mL/min/1.73m2",beta,57,38,66.66666666666667,0.608486852925761,32444.0,32444,32444
KNHANES,"Alanine aminotransferase, IU/L",beta,56,51,91.07142857142857,2.94332365635682,35803.0,35803,35803
KNHANES,"Aspartate aminotransferase, IU/L",beta,56,43,76.78571428571429,1.099460554421275,35817.0,35817,35817
KNHANES,"HbA1c, %",beta,56,40,71.42857142857143,0.1105392026904975,28577.0,28577,28577
KNHANES,Elevated ALT (>40 IU/L),OR,56,47,83.92857142857143,0.479620809355069,35803.0,35803,35803
KNHANES,Elevated AST (>40 IU/L),OR,56,43,76.78571428571429,0.25313588745996407,35817.0,35817,35817
KNHANES,HOMA-IR,beta,56,48,85.71428571428571,0.341669661219348,15529.0,15529,15529
KNHANES,Insulin resistance (HOMA-IR>=2.5),OR,56,44,78.57142857142857,0.42621763917529626,15529.0,15529,15529
KNHANES,Prediabetes,OR,56,45,80.35714285714286,0.20709937886575025,35801.0,35801,35801
KNHANES,Atherogenic dyslipidemia (high TG + low HDL),OR,55,50,90.9090909090909,0.31284776469689496,34795.0,34795,34795
KNHANES,Diabetes mellitus,OR,55,41,74.54545454545455,0.31761006576249984,35801.0,35801,35801
KNHANES,"Fasting glucose, mg/dL",beta,55,43,78.18181818181819,2.41464284182233,34799.0,34799,34799
KNHANES,Advanced liver fibrosis (FIB-4>2.67),OR,54,22,40.74074074074074,0.15769289840053352,34384.0,34384,34384
KNHANES,FIB-4 index,beta,54,35,64.81481481481481,0.0447224351322567,34384.0,34384,34384
KNHANES,"HDL cholesterol, mg/dL",beta,54,44,81.48148148148148,2.0045231379317547,35794.0,35794,35794
KNHANES,High non-HDL cholesterol (>=190),OR,54,45,83.33333333333333,0.3437572472489202,35794.0,35794,35794
KNHANES,Low HDL cholesterol,OR,54,40,74.07407407407408,0.3442364196848219,35794.0,35794,35794
KNHANES,"Non-HDL cholesterol, mg/dL",beta,54,48,88.88888888888889,6.11902286771386,35794.0,35794,35794
KNHANES,Dyslipidemia (KSoLA composite),OR,52,46,88.46153846153847,0.3813592265831568,36016.0,36016,36016
KNHANES,"Appendicular skeletal muscle, %",beta,49,41,83.6734693877551,0.553469510499095,6582.0,6582,6582
KNHANES,"Appendicular skeletal muscle mass, kg",beta,49,39,79.59183673469387,0.557010496816113,6585.0,6585,6585
KNHANES,"Body fat, %",beta,49,42,85.71428571428571,1.30221661269822,6582.0,6582,6582
KNHANES,"Total fat mass, kg",beta,49,43,87.75510204081633,1.45532607087065,6585.0,6585,6585
KNHANES,High body fat (M>=25/F>=35%),OR,49,39,79.59183673469387,0.415877474131263,6582.0,6582,6582
KNHANES,"Total lean mass, kg",beta,49,38,77.55102040816327,1.13439360409854,6582.0,6582,6582
KNHANES,"ASM / height^2, kg/m2",beta,47,25,53.191489361702125,0.0567380785771443,6576.0,6576,6576
KNHANES,"Low muscle mass (low ASMI, AWGS cut)",OR,47,27,57.4468085106383,0.21752158469615615,6576.0,6576,6576
KNHANES,Abdominal obesity,OR,46,42,91.30434782608695,0.41543907050367346,37240.0,37240,37240
KNHANES,"Body mass index, kg/m2",beta,46,42,91.30434782608695,1.00158642831459,37315.0,37315,37315
KNHANES,Central obesity (WHtR>=0.5),OR,46,40,86.95652173913044,0.5074720103097716,37073.0,37073,37073
KNHANES,"Height, cm",beta,46,25,54.34782608695652,0.186808979744029,37336.0,37336,37336
KNHANES,"Obesity (KSSO >=25 / WHO >=30, country-specific)",OR,46,41,89.1304347826087,0.4586324990977066,37315.0,37315,37315
KNHANES,"Overweight (KSSO >=23 / WHO >=25, country-specific)",OR,46,42,91.30434782608695,0.4973282368500663,37315.0,37315,37315
KNHANES,"Waist circumference, cm",beta,46,41,89.1304347826087,2.524014330993965,37240.0,37240,37240
KNHANES,"Weight, kg",beta,46,26,56.52173913043478,0.15842466342112,37480.0,37480,37480
KNHANES,Waist-to-height ratio,beta,46,40,86.95652173913044,0.00290287049212315,37073.0,37073,37073
KNHANES,Metabolic syndrome,OR,43,41,95.34883720930233,0.4780761372979873,34356.0,34356,34356
KNHANES,Hepatic steatosis index (HSI),beta,40,37,92.5,0.616871799982994,35562.0,35562,35562
KNHANES,Hepatic steatosis,OR,29,27,93.10344827586206,0.4185609136858713,35562.0,35562,35562
KNHANES,MASLD,OR,26,23,88.46153846153847,0.4302921782546866,34840.0,34840,34840
NHANES,Ever alcohol (past/current),OR,68,41,60.294117647058826,0.1465855433573809,24112.0,24112,24112
NHANES,"Gamma-glutamyl transferase, IU/L",beta,68,57,83.82352941176471,4.374896855678765,24980.0,24980,24980
NHANES,"Serum uric acid, mg/dL",beta,68,54,79.41176470588235,0.17823195292869548,24980.0,24980,24980
NHANES,Current smoking,OR,67,45,67.16417910447761,0.2265426383324634,26876.0,26876,26876
NHANES,"Femoral neck BMD, g/cm2",beta,67,35,52.23880597014925,0.0071904747683776,11316.0,11316,11316
NHANES,"Hemoglobin, g/dL",beta,67,49,73.13432835820896,0.106229831812647,25491.0,25491,25491
NHANES,Leukocytosis (WBC>11),OR,67,43,64.17910447761194,0.3825844863593142,25491.0,25491,25491
NHANES,"Lumbar spine BMD, g/cm2",beta,67,40,59.701492537313435,0.0133826377361203,8787.0,8787,8787
NHANES,Ever smoking (past/current),OR,67,38,56.71641791044776,0.09895865166976872,26876.0,26876,26876
NHANES,"Serum 25(OH)D, ng/mL",beta,67,41,61.19402985074627,1.00214528419333,24836.0,24836,24836
NHANES,Vitamin D deficiency (<20 ng/mL),OR,67,41,61.19402985074627,0.19786273004329383,24836.0,24836,24836
NHANES,"White blood cell count, 10^3/uL",beta,67,52,77.61194029850746,0.30788949263243,25491.0,25491,25491
NHANES,"Controlled attenuation parameter, dB/m",beta,66,47,71.21212121212122,10.820096606831651,3001.0,3001,3001
NHANES,"Serum creatinine, mg/dL",beta,66,40,60.60606060606061,0.017202917565022603,22274.0,22274,22274
NHANES,"Liver stiffness, kPa",beta,66,24,36.36363636363637,0.5438251886947101,3001.0,3001,3001
NHANES,"Osteoporosis (T-score<=-2.5, age>=50)",OR,66,22,33.333333333333336,0.1560889351253131,6930.0,6930,6930
NHANES,"Age, years",beta,64,56,87.5,3.01039270913551,26892.0,26892,26892
NHANES,"Diastolic blood pressure, mmHg",beta,64,47,73.4375,1.38264070300466,24727.0,24727,24727
NHANES,"Systolic blood pressure, mmHg",beta,64,53,82.8125,1.660866915337675,24727.0,24727,24727
NHANES,Anemia (WHO),OR,63,38,60.317460317460316,0.2153061647778366,25491.0,25491,25491
NHANES,Hypertension,OR,63,48,76.19047619047619,0.27761043284358333,25491.0,25491,25491
NHANES,Hypertriglyceridemia (NCEP TG>=150),OR,62,50,80.64516129032258,0.3663691431467184,12287.0,12287,12287
NHANES,"Fasting insulin, uIU/mL",beta,62,44,70.96774193548387,1.937625027164625,12285.0,12285,12285
NHANES,"Platelet count, 10^3/uL",beta,62,46,74.19354838709677,5.545661983980105,25490.0,25490,25490
NHANES,"Triglycerides, mg/dL",beta,62,49,79.03225806451613,17.1843542732611,12287.0,12287,12287
NHANES,High LDL cholesterol (>=160),OR,61,26,42.622950819672134,0.1550072548648819,12093.0,12093,12093
NHANES,"LDL cholesterol, mg/dL",beta,61,38,62.295081967213115,2.28249134010245,12093.0,12093,12093
NHANES,"Total cholesterol, mg/dL",beta,61,40,65.57377049180327,3.14790361265486,25076.0,25076,25076
NHANES,"Alanine aminotransferase, IU/L",beta,60,52,86.66666666666667,2.645248081273265,24922.0,24922,24922
NHANES,"Aspartate aminotransferase, IU/L",beta,60,35,58.333333333333336,0.640595176306777,24907.0,24907,24907
NHANES,Chronic kidney disease (KDIGO: eGFR<60 or ACR>=30),OR,60,30,50.0,0.11118815270780788,26551.0,26551,26551
NHANES,"eGFR (CKD-EPI 2021), mL/min/1.73m2",beta,60,39,65.0,0.7469321426630855,22274.0,22274,22274
NHANES,"HbA1c, %",beta,60,51,85.0,0.1403589468853505,25480.0,25480,25480
NHANES,Elevated ALT (>40 IU/L),OR,60,50,83.33333333333333,0.3834073379432435,24922.0,24922,24922
NHANES,Elevated AST (>40 IU/L),OR,60,43,71.66666666666667,0.25128134127628093,24907.0,24907,24907
NHANES,Diabetes mellitus,OR,59,48,81.35593220338983,0.399366160834343,25660.0,25660,25660
NHANES,"Fasting glucose, mg/dL",beta,59,42,71.1864406779661,3.74376049987572,12581.0,12581,12581
NHANES,HOMA-IR,beta,59,40,67.79661016949153,0.691665594143414,12256.0,12256,12256
NHANES,Insulin resistance (HOMA-IR>=2.5),OR,59,46,77.96610169491525,0.3790551713872514,12256.0,12256,12256
NHANES,Prediabetes,OR,59,41,69.49152542372882,0.14936798084070657,25660.0,25660,25660
NHANES,Advanced liver fibrosis (FIB-4>2.67),OR,58,27,46.55172413793103,0.2364748354167771,24840.0,24840,24840
NHANES,Atherogenic dyslipidemia (high TG + low HDL),OR,58,40,68.96551724137932,0.300656130094879,12287.0,12287,12287
NHANES,FIB-4 index,beta,58,35,60.3448275862069,0.051422113553868054,24840.0,24840,24840
NHANES,"HDL cholesterol, mg/dL",beta,57,48,84.21052631578948,2.37515389191475,25076.0,25076,25076
NHANES,High non-HDL cholesterol (>=190),OR,57,45,78.94736842105263,0.22476566367330503,25076.0,25076,25076
NHANES,Low HDL cholesterol,OR,57,45,78.94736842105263,0.3338209490257614,25076.0,25076,25076
NHANES,"Non-HDL cholesterol, mg/dL",beta,57,50,87.71929824561404,5.36997736206484,25076.0,25076,25076
NHANES,Dyslipidemia (KSoLA composite),OR,55,43,78.18181818181819,0.3395639373550303,25412.0,25412,25412
NHANES,"Appendicular skeletal muscle, %",beta,52,45,86.53846153846153,0.6589735836021986,8680.0,8680,8680
NHANES,"Appendicular skeletal muscle mass, kg",beta,52,44,84.61538461538461,0.92617086594981,8831.0,8831,8831
NHANES,"Body fat, %",beta,52,47,90.38461538461539,1.30835401508832,8785.0,8785,8785
NHANES,"Total fat mass, kg",beta,52,44,84.61538461538461,2.6733082918741102,8785.0,8785,8785
NHANES,High body fat (M>=25/F>=35%),OR,52,43,82.6923076923077,0.46331399193367595,8785.0,8785,8785
NHANES,"Total lean mass, kg",beta,52,42,80.76923076923077,1.779336587163465,8785.0,8785,8785
NHANES,"ASM / height^2, kg/m2",beta,50,32,64.0,0.06782722783809915,8809.0,8809,8809
NHANES,"Body mass index, kg/m2",beta,50,44,88.0,1.484708362592585,26491.0,26491,26491
NHANES,"Height, cm",beta,50,31,62.0,0.41557733673776753,26558.0,26558,26558
NHANES,"Obesity (KSSO >=25 / WHO >=30, country-specific)",OR,50,43,86.0,0.44213542735162326,26491.0,26491,26491
NHANES,"Overweight (KSSO >=23 / WHO >=25, country-specific)",OR,50,44,88.0,0.5777661866072922,26491.0,26491,26491
NHANES,"Low muscle mass (low ASMI, AWGS cut)",OR,50,17,34.0,0.31735615847046994,8809.0,8809,8809
NHANES,"Weight, kg",beta,50,24,48.0,0.348319219550341,26544.0,26544,26544
NHANES,Abdominal obesity,OR,49,44,89.79591836734694,0.48125179457274886,25279.0,25279,25279
NHANES,Central obesity (WHtR>=0.5),OR,49,42,85.71428571428571,0.6598738347578058,25250.0,25250,25250
NHANES,"Waist circumference, cm",beta,49,42,85.71428571428571,3.69825509664225,25279.0,25279,25279
NHANES,Waist-to-height ratio,beta,49,39,79.59183673469387,0.0047202401306988,25250.0,25250,25250
NHANES,Metabolic syndrome,OR,46,39,84.78260869565217,0.5720858662198047,10955.0,10955,10955
NHANES,Hepatic steatosis,OR,32,21,65.625,0.5176254071200774,3001.0,3001,3001
NHANES,MASLD,OR,28,18,64.28571428571429,0.47268733766976423,2812.0,2812,2812
